model,condition,rows,break_pct,fix_pct,net_pp,net_ci_low_pp,net_ci_high_pp,churn_pct,churn_ci_low_pct,churn_ci_high_pct,mcnemar_naive_p
Qwen_Qwen2.5-7B-Instruct,kbd_fatfinger,5820,7.714776632302406,6.718213058419244,-0.9965635738831614,-2.302083487521348,0.25723676995357203,14.432989690721648,13.319390284051162,15.655884573500195,0.04915473146793229
Qwen_Qwen2.5-7B-Instruct,kbd_neighbor,5820,10.257731958762886,6.855670103092784,-3.402061855670103,-4.780876494023905,-2.018396946097861,17.11340206185567,15.860300930646835,18.4106671968181,3.7934671090289934e-10
Qwen_Qwen2.5-7B-Instruct,kbd_nospace,5820,6.168384879725086,5.635738831615121,-0.5326460481099656,-1.656746158919193,0.5467028157263069,11.804123711340205,10.811709560856901,12.845024859387236,0.2523690031640136
Qwen_Qwen2.5-7B-Instruct,kbd_random,5820,11.632302405498281,6.2714776632302405,-5.360824742268041,-6.837286852402498,-3.926221193968285,17.903780068728523,16.683742732436198,19.152649041376144,2.7993928297382203e-22
Qwen_Qwen2.5-7B-Instruct,kbd_repeat,5820,7.920962199312714,6.1340206185567006,-1.7869415807560136,-3.0449989880779555,-0.5991613449992452,14.054982817869416,12.907679982399175,15.22119309517336,0.0003112800667296873
Qwen_Qwen2.5-7B-Instruct,kbd_swap,5820,9.037800687285223,7.0446735395189,-1.9931271477663228,-3.332319368976,-0.6561662822880283,16.082474226804123,14.988715494734148,17.281444074956184,0.00016767880062653565
Qwen_Qwen3-8B,kbd_fatfinger,5820,8.161512027491408,6.443298969072164,-1.718213058419244,-3.053216564075453,-0.44031789553173395,14.604810996563575,13.363736342553853,15.767895641166666,0.0006758454242640655
Qwen_Qwen3-8B,kbd_neighbor,5820,10.429553264604811,6.563573883161513,-3.865979381443299,-5.268983707825579,-2.540819229128148,16.993127147766323,15.71985795067255,18.234863279226225,8.47772861459488e-13
Qwen_Qwen3-8B,kbd_nospace,5820,5.515463917525773,5.429553264604811,-0.0859106529209622,-1.097792171816302,0.9270545523717958,10.945017182130584,9.991060388458378,11.8722798947597,0.8740899952918436
Qwen_Qwen3-8B,kbd_random,5820,10.97938144329897,6.288659793814433,-4.690721649484536,-6.01107486302461,-3.301475118840866,17.2680412371134,16.02162273787951,18.518692743376285,5.973771634605743e-18
Qwen_Qwen3-8B,kbd_repeat,5820,6.529209621993128,5.9450171821305835,-0.584192439862543,-1.8133536408852866,0.5181414300947899,12.474226804123711,11.36353856986387,13.589764384497183,0.22064494175531046
Qwen_Qwen3-8B,kbd_swap,5820,7.594501718213058,6.151202749140893,-1.443298969072165,-2.668243993113943,-0.2571950376206971,13.745704467353953,12.628687889988019,14.910786237715424,0.0033158730729711903
meta-llama_Llama-3.1-8B-Instruct,kbd_fatfinger,5820,8.762886597938143,7.0446735395189,-1.718213058419244,-2.958080462908766,-0.43030538960436876,15.807560137457044,14.632425848074163,16.91132989335737,0.001087708114431876
meta-llama_Llama-3.1-8B-Instruct,kbd_neighbor,5820,11.134020618556702,7.130584192439862,-4.0034364261168385,-5.419261760289773,-2.5599950851257827,18.264604810996563,17.011164291600394,19.500526734247664,9.069575196284166e-13
meta-llama_Llama-3.1-8B-Instruct,kbd_nospace,5820,7.422680412371134,6.305841924398625,-1.1168384879725086,-2.215360449795399,-0.051377388882410994,13.72852233676976,12.67372781033607,14.832795628381557,0.023504477104520277
meta-llama_Llama-3.1-8B-Instruct,kbd_random,5820,11.83848797250859,7.2508591065292105,-4.587628865979381,-5.955394491667435,-3.2103783874782845,19.0893470790378,17.84419083744492,20.318197881139625,1.068521944925116e-15
meta-llama_Llama-3.1-8B-Instruct,kbd_repeat,5820,7.714776632302406,6.666666666666667,-1.0481099656357387,-2.1152948820535875,0.12112480932906565,14.38144329896907,13.283378746594005,15.453659963442654,0.03802491705662751
meta-llama_Llama-3.1-8B-Instruct,kbd_swap,5820,8.883161512027492,6.219931271477663,-2.663230240549828,-3.910660261631994,-1.4430109029181748,15.103092783505154,14.009405551887424,16.199534430977373,1.9168130938325103e-07
microsoft_phi-4,kbd_fatfinger,5820,6.030927835051546,5.429553264604811,-0.6013745704467355,-1.6719332433350425,0.4998014011868919,11.460481099656358,10.47295830477925,12.426114093259894,0.18797084197989866
microsoft_phi-4,kbd_neighbor,5820,7.81786941580756,5.618556701030928,-2.1993127147766325,-3.333478260869565,-1.0428865282349884,13.436426116838488,12.362787071640913,14.513979326786222,5.336607901057016e-06
microsoft_phi-4,kbd_nospace,5820,4.6563573883161515,4.879725085910653,0.2233676975945017,-0.7149813957390275,1.163489092310487,9.536082474226804,8.653185382811868,10.466537584866243,0.6105315909178928
microsoft_phi-4,kbd_random,5820,7.628865979381444,5.635738831615121,-1.9931271477663228,-3.1931373713032665,-0.8582180824129726,13.264604810996564,12.207525424307175,14.351660446596739,3.380299846325934e-05
microsoft_phi-4,kbd_repeat,5820,4.7938144329896915,5.549828178694158,0.7560137457044673,-0.1717718907020633,1.7441133640340123,10.343642611683848,9.393884471314353,11.305401662049862,0.07959304845783374
microsoft_phi-4,kbd_swap,5820,6.529209621993128,6.065292096219931,-0.4639175257731959,-1.5352501229393707,0.7123311996114405,12.594501718213058,11.538121314237575,13.70059213047341,0.33689256586881644
mistralai_Mistral-7B-Instruct-v0.3,kbd_fatfinger,5820,9.690721649484537,9.175257731958762,-0.5154639175257731,-1.889669369158186,0.8402534508808988,18.8659793814433,17.613533299816815,20.06912942961735,0.38148508762855204
mistralai_Mistral-7B-Instruct-v0.3,kbd_neighbor,5820,10.70446735395189,8.848797250859107,-1.8556701030927836,-3.315637956487319,-0.3790719756852243,19.553264604810998,18.32371242788559,20.916779211545407,0.0015037379208772037
mistralai_Mistral-7B-Instruct-v0.3,kbd_nospace,5820,8.144329896907216,7.336769759450172,-0.8075601374570448,-2.0369442881336464,0.341985819092276,15.481099656357388,14.3343462357189,16.500036994727356,0.1253563645039128
mistralai_Mistral-7B-Instruct-v0.3,kbd_random,5820,10.70446735395189,9.278350515463918,-1.4261168384879725,-2.8546839272344644,-0.06994441411698821,19.982817869415808,18.74997329516322,21.214251375813333,0.016158272729023836
mistralai_Mistral-7B-Instruct-v0.3,kbd_repeat,5820,9.02061855670103,8.058419243986254,-0.9621993127147767,-2.2797025105383386,0.36483958335093203,17.079037800687285,15.818321199472605,18.342940153316516,0.08102089483256673
mistralai_Mistral-7B-Instruct-v0.3,kbd_swap,5820,10.29209621993127,8.65979381443299,-1.632302405498282,-3.000192584758658,-0.3246490564451731,18.95189003436426,17.716572379440613,20.2196030918204,0.004627915984221902
