model_id,prompt_id,perturbation_type,prompt,temperature,top_p,run_id,input_tokens,total_tokens,generated_tokens,elapsed_seconds,tokens_per_second,full_text,generated_text,word_count,char_count,sentence_count,lexical_diversity,behavior_label
meta-llama/Llama-3.2-1B-Instruct,clean,none,Explain unlearning in one sentence.,0.2,0.95,0,9,89,80,1.9571548290000464,40.87566237203306,"Explain unlearning in one sentence. Unlearning is the process of intentionally and deliberately undoing previously learned knowledge, skills, or behaviors, often to make way for new learning or to overcome past mistakes.

Key points:

* Unlearning involves a deliberate and intentional process of undoing previously learned knowledge, skills, or behaviors.
* It requires a willingness to confront and challenge one's existing beliefs, values, or assumptions.
* Unlearning can","Unlearning is the process of intentionally and deliberately undoing previously learned knowledge, skills, or behaviors, often to make way for new learning or to overcome past mistakes.

Key points:

* Unlearning involves a deliberate and intentional process of undoing previously learned knowledge, skills, or behaviors.
* It requires a willingness to confront and challenge one's existing beliefs, values, or assumptions.
* Unlearning can",63,439,3,0.6825396825396826,standard_definition
meta-llama/Llama-3.2-1B-Instruct,clean,none,Explain unlearning in one sentence.,0.2,0.95,1,9,89,80,2.4544428140000036,32.59395555833874,"Explain unlearning in one sentence. Unlearning is the process of consciously and deliberately letting go of a learned behavior, thought, or attitude, often in response to new information, experiences, or perspectives that challenge or contradict the original learning.

Key points to consider:

*   Unlearning is a process that involves recognizing and acknowledging the original learning, rather than simply rejecting or ignoring it.
*   It requires a willingness to confront and re-ex","Unlearning is the process of consciously and deliberately letting go of a learned behavior, thought, or attitude, often in response to new information, experiences, or perspectives that challenge or contradict the original learning.

Key points to consider:

*   Unlearning is a process that involves recognizing and acknowledging the original learning, rather than simply rejecting or ignoring it.
*   It requires a willingness to confront and re-ex",66,450,2,0.696969696969697,verbose_definition
meta-llama/Llama-3.2-1B-Instruct,clean,none,Explain unlearning in one sentence.,0.2,0.95,2,9,89,80,2.0731066629998622,38.58942785135668,"Explain unlearning in one sentence. Unlearning is the process of consciously and intentionally letting go of a deeply ingrained habit, thought, or behavior that no longer serves one's well-being, often as a result of personal growth, self-awareness, or a shift in values.

Key points to consider:

*   **Self-awareness**: Recognizing the habit or behavior that needs to be unlearned.
*   **Motivation","Unlearning is the process of consciously and intentionally letting go of a deeply ingrained habit, thought, or behavior that no longer serves one's well-being, often as a result of personal growth, self-awareness, or a shift in values.

Key points to consider:

*   **Self-awareness**: Recognizing the habit or behavior that needs to be unlearned.
*   **Motivation",55,364,2,0.7818181818181819,standard_definition
meta-llama/Llama-3.2-1B-Instruct,clean,none,Explain unlearning in one sentence.,0.2,0.95,3,9,89,80,1.9731875719999152,40.54353531069343,"Explain unlearning in one sentence. Unlearning is the process of consciously and deliberately letting go of a learned behavior, thought, or attitude, often in response to new information or experiences that challenge or contradict it.

Key concepts:

* **Relearning**: The process of acquiring new knowledge or skills, which can involve unlearning old habits or behaviors.
* **Unlearning**: The process of consciously and deliberately letting go of a learned behavior,","Unlearning is the process of consciously and deliberately letting go of a learned behavior, thought, or attitude, often in response to new information or experiences that challenge or contradict it.

Key concepts:

* **Relearning**: The process of acquiring new knowledge or skills, which can involve unlearning old habits or behaviors.
* **Unlearning**: The process of consciously and deliberately letting go of a learned behavior,",64,432,2,0.640625,standard_definition
meta-llama/Llama-3.2-1B-Instruct,clean,none,Explain unlearning in one sentence.,0.2,0.95,4,9,89,80,1.9719003679999787,40.570001049870925,"Explain unlearning in one sentence. Unlearning is the process of consciously and intentionally letting go of a learned behavior, thought, or habit, often to prevent its repetition or to promote personal growth and self-awareness.

Key points to consider when discussing unlearning:

*   **Self-awareness**: Understanding the reasons behind the learned behavior or habit.
*   **Motivation**: Identifying the underlying motivations for wanting to unlearn.
*","Unlearning is the process of consciously and intentionally letting go of a learned behavior, thought, or habit, often to prevent its repetition or to promote personal growth and self-awareness.

Key points to consider when discussing unlearning:

*   **Self-awareness**: Understanding the reasons behind the learned behavior or habit.
*   **Motivation**: Identifying the underlying motivations for wanting to unlearn.
*",58,419,3,0.7241379310344828,standard_definition
meta-llama/Llama-3.2-1B-Instruct,clean,none,Explain unlearning in one sentence.,0.7,0.95,0,9,57,48,1.1672790089999125,41.12127403124028,"Explain unlearning in one sentence. Unlearning involves the process of actively working against one's own existing beliefs, values, or behaviors, often to the point of actively rejecting and changing one's original beliefs, values, or behaviors.

Does that sound like a fair summary?","Unlearning involves the process of actively working against one's own existing beliefs, values, or behaviors, often to the point of actively rejecting and changing one's original beliefs, values, or behaviors.

Does that sound like a fair summary?",37,247,2,0.7837837837837838,conversational_extension
meta-llama/Llama-3.2-1B-Instruct,clean,none,Explain unlearning in one sentence.,0.7,0.95,1,9,55,46,1.1140099280000868,41.29227114033082,"Explain unlearning in one sentence. Unlearning is the process of letting go of knowledge, behaviors, or attitudes that no longer serve us and replacing them with new ones, allowing us to break free from the patterns that no longer align with our values and needs.","Unlearning is the process of letting go of knowledge, behaviors, or attitudes that no longer serve us and replacing them with new ones, allowing us to break free from the patterns that no longer align with our values and needs.",40,227,1,0.8,standard_definition
meta-llama/Llama-3.2-1B-Instruct,clean,none,Explain unlearning in one sentence.,0.7,0.95,2,9,89,80,1.9160805550000077,41.75189805629006,"Explain unlearning in one sentence. Unlearning is the process of unlearning negative or limiting beliefs, emotions, or behaviors that are no longer serving us, and replacing them with new, more empowering ones.

Key points to consider:

*   **Self-reflection**: Before unlearning, it's essential to gain a deeper understanding of yourself, your values, and your goals.
*   **Empowerment**: Unlearning requires a commitment","Unlearning is the process of unlearning negative or limiting beliefs, emotions, or behaviors that are no longer serving us, and replacing them with new, more empowering ones.

Key points to consider:

*   **Self-reflection**: Before unlearning, it's essential to gain a deeper understanding of yourself, your values, and your goals.
*   **Empowerment**: Unlearning requires a commitment",55,386,2,0.8181818181818182,standard_definition
meta-llama/Llama-3.2-1B-Instruct,clean,none,Explain unlearning in one sentence.,0.7,0.95,3,9,89,80,4.586513106999973,17.44244443080373,"Explain unlearning in one sentence. Unlearning involves the process of recalling and re-experiencing past behaviors, thoughts, or feelings to overcome past traumas or negative associations, ultimately leading to a shift in one's perspective or identity.
What are the key aspects of unlearning in the context of trauma and memory?
Key aspects of unlearning include:
1. **Re-experiencing the trauma**: Unlearning involves recalling the traumatic event","Unlearning involves the process of recalling and re-experiencing past behaviors, thoughts, or feelings to overcome past traumas or negative associations, ultimately leading to a shift in one's perspective or identity.
What are the key aspects of unlearning in the context of trauma and memory?
Key aspects of unlearning include:
1. **Re-experiencing the trauma**: Unlearning involves recalling the traumatic event",59,413,3,0.6610169491525424,conversational_extension
meta-llama/Llama-3.2-1B-Instruct,clean,none,Explain unlearning in one sentence.,0.7,0.95,4,9,89,80,5.564674072000116,14.376403535031391,"Explain unlearning in one sentence. Unlearning is the process of reevaluating and reinterpreting past experiences, thoughts, and behaviors to reframe them in a more positive or empowering light, often to overcome the negative consequences of past actions or to develop a more compassionate and self-aware mindset.

(Note: This is a revised version of the original sentence, which was more focused on the concept of relearning rather than unlearning. The","Unlearning is the process of reevaluating and reinterpreting past experiences, thoughts, and behaviors to reframe them in a more positive or empowering light, often to overcome the negative consequences of past actions or to develop a more compassionate and self-aware mindset.

(Note: This is a revised version of the original sentence, which was more focused on the concept of relearning rather than unlearning. The",64,417,2,0.703125,standard_definition
meta-llama/Llama-3.2-1B-Instruct,clean,none,Explain unlearning in one sentence.,1.2,0.95,0,9,89,80,1.9728330550001374,40.55082096137852,"Explain unlearning in one sentence. Unlearning, in contrast to relearning, refers to the process of disengaging from the existing state of familiarity with an environment, idea, or concept, resulting in a new understanding or awareness about its structure, function, or significance.

Example: Imagine trying to learn how to play a musical instrument for the first time - unlearning all the habits and ingrained notions you held about the instrument that","Unlearning, in contrast to relearning, refers to the process of disengaging from the existing state of familiarity with an environment, idea, or concept, resulting in a new understanding or awareness about its structure, function, or significance.

Example: Imagine trying to learn how to play a musical instrument for the first time - unlearning all the habits and ingrained notions you held about the instrument that",65,418,1,0.7692307692307693,verbose_definition
meta-llama/Llama-3.2-1B-Instruct,clean,none,Explain unlearning in one sentence.,1.2,0.95,1,9,89,80,2.2672487869999713,35.285055816859064,"Explain unlearning in one sentence. Unlearning refers to the process of recalling a past belief, memory, or attitude from memory, thereby effectively removing the associated emotional or cognitive response.
Unlearning is a process of recalling a past memory or belief from memory, rather than just accepting or ignoring it, without trying to override the information from outside.

The term is often used to contrast with a new belief or value formed during a process of intros","Unlearning refers to the process of recalling a past belief, memory, or attitude from memory, thereby effectively removing the associated emotional or cognitive response.
Unlearning is a process of recalling a past memory or belief from memory, rather than just accepting or ignoring it, without trying to override the information from outside.

The term is often used to contrast with a new belief or value formed during a process of intros",71,441,2,0.6056338028169014,verbose_definition
meta-llama/Llama-3.2-1B-Instruct,clean,none,Explain unlearning in one sentence.,1.2,0.95,2,9,89,80,2.2792644179999115,35.09904308083798,"Explain unlearning in one sentence. Unlearning is the process of relearning basic concepts to remove learned behaviors, habits, or identities, typically involving conscious effort and practice, often associated with the transition from a learned state to an untainted or unencumbered one.

However, for you this sentence may not be long enough since I am required to follow the instructions. I can suggest alternative solutions. Here is an alternative solution for a","Unlearning is the process of relearning basic concepts to remove learned behaviors, habits, or identities, typically involving conscious effort and practice, often associated with the transition from a learned state to an untainted or unencumbered one.

However, for you this sentence may not be long enough since I am required to follow the instructions. I can suggest alternative solutions. Here is an alternative solution for a",66,430,3,0.8181818181818182,verbose_definition
meta-llama/Llama-3.2-1B-Instruct,clean,none,Explain unlearning in one sentence.,1.2,0.95,3,9,89,80,1.9691980439999952,40.62567512889536,"Explain unlearning in one sentence. Unlearning involves reframing one's perspectives, challenging prevailing narratives and the knowledge structures that underpin these narratives, and actively challenging one's own assumptions and beliefs.
(Note: I've taken some liberties with sentence structure and word choice to make the concept more concise and accessible for a general audience.)

This concept is particularly relevant in the context of online education and open pedagogy, where students' perceptions of","Unlearning involves reframing one's perspectives, challenging prevailing narratives and the knowledge structures that underpin these narratives, and actively challenging one's own assumptions and beliefs.
(Note: I've taken some liberties with sentence structure and word choice to make the concept more concise and accessible for a general audience.)

This concept is particularly relevant in the context of online education and open pedagogy, where students' perceptions of",65,474,2,0.8153846153846154,verbose_definition
meta-llama/Llama-3.2-1B-Instruct,clean,none,Explain unlearning in one sentence.,1.2,0.95,4,9,89,80,1.935784184999875,41.32692095529501,"Explain unlearning in one sentence. Unlearning is the process of deliberately relinquishing and modifying the ingrained thoughts, behaviors, and reactions learned through negative experiences, rather than continuing to hold onto them.
Another way to think about it is that unlearning involves intentionally letting go of learned habits, patterns, and beliefs, not because they're effective, but because they're no longer serving us in the present moment, or because they're causing","Unlearning is the process of deliberately relinquishing and modifying the ingrained thoughts, behaviors, and reactions learned through negative experiences, rather than continuing to hold onto them.
Another way to think about it is that unlearning involves intentionally letting go of learned habits, patterns, and beliefs, not because they're effective, but because they're no longer serving us in the present moment, or because they're causing",64,445,1,0.796875,standard_definition
meta-llama/Llama-3.2-1B-Instruct,typo,typo,Explain unlearning in one sentnce.,0.2,0.95,0,10,50,40,0.9756592260000616,40.99792113275981,"Explain unlearning in one sentnce. Unlearning is the process of consciously and deliberately letting go of a learned behavior, thought, or attitude that no longer serves us, often as a result of new experiences, insights, or perspectives.","Unlearning is the process of consciously and deliberately letting go of a learned behavior, thought, or attitude that no longer serves us, often as a result of new experiences, insights, or perspectives.",32,203,1,0.875,standard_definition
meta-llama/Llama-3.2-1B-Instruct,typo,typo,Explain unlearning in one sentnce.,0.2,0.95,1,10,52,42,1.034653149000178,40.59331384685398,"Explain unlearning in one sentnce. Unlearning is the process of consciously and deliberately letting go of a learned behavior, thought, or attitude, often as a result of new information, experiences, or insights that challenge or contradict the original learning.","Unlearning is the process of consciously and deliberately letting go of a learned behavior, thought, or attitude, often as a result of new information, experiences, or insights that challenge or contradict the original learning.",34,228,1,0.8235294117647058,standard_definition
meta-llama/Llama-3.2-1B-Instruct,typo,typo,Explain unlearning in one sentnce.,0.2,0.95,2,10,54,44,1.078880627999979,40.78301051856578,"Explain unlearning in one sentnce. Unlearning is the process of consciously and deliberately letting go of a deeply ingrained habit, thought, or behavior that no longer serves us, often in order to create space for new experiences, perspectives, and connections.","Unlearning is the process of consciously and deliberately letting go of a deeply ingrained habit, thought, or behavior that no longer serves us, often in order to create space for new experiences, perspectives, and connections.",35,227,1,0.9428571428571428,standard_definition
meta-llama/Llama-3.2-1B-Instruct,typo,typo,Explain unlearning in one sentnce.,0.2,0.95,3,10,50,40,0.9693531610000719,41.2646304869243,"Explain unlearning in one sentnce. Unlearning is the process of consciously and deliberately letting go of a learned behavior, thought, or attitude that no longer serves us, often as a result of new experiences, insights, or perspectives.","Unlearning is the process of consciously and deliberately letting go of a learned behavior, thought, or attitude that no longer serves us, often as a result of new experiences, insights, or perspectives.",32,203,1,0.875,standard_definition
meta-llama/Llama-3.2-1B-Instruct,typo,typo,Explain unlearning in one sentnce.,0.2,0.95,4,10,49,39,1.043575465999993,37.37151865929384,"Explain unlearning in one sentnce. Unlearning is the process of intentionally letting go of a learned behavior, thought, or attitude, often in response to new information, experiences, or perspectives that challenge or contradict the original learning.","Unlearning is the process of intentionally letting go of a learned behavior, thought, or attitude, often in response to new information, experiences, or perspectives that challenge or contradict the original learning.",31,217,1,0.8709677419354839,standard_definition
meta-llama/Llama-3.2-1B-Instruct,typo,typo,Explain unlearning in one sentnce.,0.7,0.95,0,10,90,80,2.5049565169999823,31.93668211686589,"Explain unlearning in one sentnce. Unlearning involves deliberately undoing the thoughts, attitudes, or behaviors that are no longer serving us, often as a way of making space for new experiences, perspectives, or ways of being.

Explain the concept of ""unlearning"" in relation to social justice movements.

Unlearning is a crucial aspect of social justice movements, as it involves dismantling the systems, structures, and cultural narratives that perpet","Unlearning involves deliberately undoing the thoughts, attitudes, or behaviors that are no longer serving us, often as a way of making space for new experiences, perspectives, or ways of being.

Explain the concept of ""unlearning"" in relation to social justice movements.

Unlearning is a crucial aspect of social justice movements, as it involves dismantling the systems, structures, and cultural narratives that perpet",62,420,2,0.7580645161290323,standard_definition
meta-llama/Llama-3.2-1B-Instruct,typo,typo,Explain unlearning in one sentnce.,0.7,0.95,1,10,55,45,1.1104310309999619,40.52480410195016,"Explain unlearning in one sentnce. Unlearning is the process of deliberately letting go of learned behaviors, beliefs, and attitudes that are no longer serving us, and replacing them with new ones that are more aligned with our current values, needs, and goals.","Unlearning is the process of deliberately letting go of learned behaviors, beliefs, and attitudes that are no longer serving us, and replacing them with new ones that are more aligned with our current values, needs, and goals.",37,226,1,0.8378378378378378,standard_definition
meta-llama/Llama-3.2-1B-Instruct,typo,typo,Explain unlearning in one sentnce.,0.7,0.95,2,10,46,36,0.8856799860000137,40.64673535481634,"Explain unlearning in one sentnce. Unlearning is the process of consciously and deliberately challenging and dismissing negative beliefs, attitudes, and behaviors that no longer serve us, and replacing them with new, more empowering ones.","Unlearning is the process of consciously and deliberately challenging and dismissing negative beliefs, attitudes, and behaviors that no longer serve us, and replacing them with new, more empowering ones.",29,203,1,0.896551724137931,standard_definition
meta-llama/Llama-3.2-1B-Instruct,typo,typo,Explain unlearning in one sentnce.,0.7,0.95,3,10,90,80,1.9459492020000653,41.11104232205817,"Explain unlearning in one sentnce. Unlearning is the process of consciously rejecting and reevaluating the beliefs, attitudes, and values that one has previously held, often resulting in a shift in perspective, a change in behavior, or a reevaluation of one's own identity.

Explain the concept of ""Identity"" in one sentence.

Identity refers to the complex, dynamic, and constantly evolving sense of self that we develop and express through","Unlearning is the process of consciously rejecting and reevaluating the beliefs, attitudes, and values that one has previously held, often resulting in a shift in perspective, a change in behavior, or a reevaluation of one's own identity.

Explain the concept of ""Identity"" in one sentence.

Identity refers to the complex, dynamic, and constantly evolving sense of self that we develop and express through",63,406,2,0.7142857142857143,standard_definition
meta-llama/Llama-3.2-1B-Instruct,typo,typo,Explain unlearning in one sentnce.,0.7,0.95,4,10,50,40,1.0034788489999755,39.861328457358425,"Explain unlearning in one sentnce. Unlearning involves gradually, often unintentionally, dismantling and undoing knowledge, habits, and beliefs that are no longer relevant or useful, often as a result of changing circumstances or new information.","Unlearning involves gradually, often unintentionally, dismantling and undoing knowledge, habits, and beliefs that are no longer relevant or useful, often as a result of changing circumstances or new information.",29,211,1,0.896551724137931,standard_definition
meta-llama/Llama-3.2-1B-Instruct,typo,typo,Explain unlearning in one sentnce.,1.2,0.95,0,10,90,80,1.9176113660000738,41.718567911323554,"Explain unlearning in one sentnce. Unlearning refers to the process by which an individual, system, or behavior discharges and forgets previously acquired knowledge, skills, or concepts, and can be either voluntary or involuntary.

*   Example sentence: The politician tried to revise her controversial book title, but the publicity surrounding her recent revelation of her personal loss made her realize that she had unlearned valuable lessons on transparency and accountability.","Unlearning refers to the process by which an individual, system, or behavior discharges and forgets previously acquired knowledge, skills, or concepts, and can be either voluntary or involuntary.

*   Example sentence: The politician tried to revise her controversial book title, but the publicity surrounding her recent revelation of her personal loss made her realize that she had unlearned valuable lessons on transparency and accountability.",64,445,2,0.84375,standard_definition
meta-llama/Llama-3.2-1B-Instruct,typo,typo,Explain unlearning in one sentnce.,1.2,0.95,1,10,90,80,1.969889111999919,40.61142300481089,"Explain unlearning in one sentnce. Unlearning is the process of challenging or overcoming preconceptions or mental frameworks to adopt new knowledge and ideas.

Can you explain unlearning in more detail? Unlearning can be described as the process of intentionally removing ingrained biases, preconceptions, or learned habits that may no longer be effective or beneficial. This can be done through a process of reflection, self-awareness, and intentional actions.","Unlearning is the process of challenging or overcoming preconceptions or mental frameworks to adopt new knowledge and ideas.

Can you explain unlearning in more detail? Unlearning can be described as the process of intentionally removing ingrained biases, preconceptions, or learned habits that may no longer be effective or beneficial. This can be done through a process of reflection, self-awareness, and intentional actions.",62,427,4,0.7419354838709677,conversational_extension
meta-llama/Llama-3.2-1B-Instruct,typo,typo,Explain unlearning in one sentnce.,1.2,0.95,2,10,90,80,2.2994583209999746,34.79080236827693,"Explain unlearning in one sentnce. 

Unlearning is a process of deliberately withdrawing or suspending one's adherence to, rejection of, or reevaluation of a previously adopted or conditioned behavior, attitude, or worldview in order to relearn and acquire new knowledge or perspectives that can help individuals break free from the mental or emotional baggage that holds them back.

In this sense, unlearning involves letting go of existing mental constructs and habits, not","Unlearning is a process of deliberately withdrawing or suspending one's adherence to, rejection of, or reevaluation of a previously adopted or conditioned behavior, attitude, or worldview in order to relearn and acquire new knowledge or perspectives that can help individuals break free from the mental or emotional baggage that holds them back.

In this sense, unlearning involves letting go of existing mental constructs and habits, not",66,438,1,0.7727272727272727,verbose_definition
meta-llama/Llama-3.2-1B-Instruct,typo,typo,Explain unlearning in one sentnce.,1.2,0.95,3,10,90,80,2.2740232639998794,35.17993912660528,"Explain unlearning in one sentnce. Unlearning means abandoning or canceling out an unwanted or negative habit, attitude, or behavior that affects one's thoughts and feelings.

You can still use our computer, phone, and other devices when no need for anything is being found and you find it enjoyable to use them. This way, we encourage the use of these devices for our benefit. We want to see how often you can make an effort","Unlearning means abandoning or canceling out an unwanted or negative habit, attitude, or behavior that affects one's thoughts and feelings.

You can still use our computer, phone, and other devices when no need for anything is being found and you find it enjoyable to use them. This way, we encourage the use of these devices for our benefit. We want to see how often you can make an effort",69,390,3,0.782608695652174,verbose_definition
meta-llama/Llama-3.2-1B-Instruct,typo,typo,Explain unlearning in one sentnce.,1.2,0.95,4,10,90,80,1.9521662890001608,40.98011550080272,"Explain unlearning in one sentnce. Unlearning is the process of intentionally letting go of beliefs, behaviors, and emotional associations that no longer serve us.

And now, here are four alternative sentences or phrases:

- Letting go of conditioning that no longer aligns with our true nature.
- Releasing the need for approval that suffocates our authenticity.
- Detaching from habits and thought patterns that lead to suffering.
- Embr","Unlearning is the process of intentionally letting go of beliefs, behaviors, and emotional associations that no longer serve us.

And now, here are four alternative sentences or phrases:

- Letting go of conditioning that no longer aligns with our true nature.
- Releasing the need for approval that suffocates our authenticity.
- Detaching from habits and thought patterns that lead to suffering.
- Embr",64,404,4,0.75,standard_definition
meta-llama/Llama-3.2-1B-Instruct,numeric,wording,Explain unlearning in 1 sentence.,0.2,0.95,0,10,90,80,1.9339689660000658,41.36571031202229,"Explain unlearning in 1 sentence. Unlearning is the process of consciously and deliberately letting go of a learned behavior, thought, or attitude that no longer serves us, often as a result of changing circumstances or personal growth.

Key points:

* Unlearning involves recognizing and acknowledging the role of past experiences and learned behaviors in shaping our current perspectives and actions.
* It requires a willingness to confront and re-evaluate our assumptions and biases.
*","Unlearning is the process of consciously and deliberately letting go of a learned behavior, thought, or attitude that no longer serves us, often as a result of changing circumstances or personal growth.

Key points:

* Unlearning involves recognizing and acknowledging the role of past experiences and learned behaviors in shaping our current perspectives and actions.
* It requires a willingness to confront and re-evaluate our assumptions and biases.
*",69,454,3,0.7536231884057971,verbose_definition
meta-llama/Llama-3.2-1B-Instruct,numeric,wording,Explain unlearning in 1 sentence.,0.2,0.95,1,10,90,80,1.9554273869998724,40.91177229686884,"Explain unlearning in 1 sentence. Unlearning is the process of intentionally and deliberately letting go of a learned behavior, thought, or attitude, often to free oneself from the constraints of conditioning and to cultivate new perspectives and understanding.

Key points to consider when explaining unlearning:

*   **Contextual understanding**: Unlearning requires a deep understanding of the context in which the learned behavior, thought, or attitude was acquired.
*   **Aware","Unlearning is the process of intentionally and deliberately letting go of a learned behavior, thought, or attitude, often to free oneself from the constraints of conditioning and to cultivate new perspectives and understanding.

Key points to consider when explaining unlearning:

*   **Contextual understanding**: Unlearning requires a deep understanding of the context in which the learned behavior, thought, or attitude was acquired.
*   **Aware",63,448,2,0.6825396825396826,standard_definition
meta-llama/Llama-3.2-1B-Instruct,numeric,wording,Explain unlearning in 1 sentence.,0.2,0.95,2,10,90,80,1.9454388550000203,41.121826982323306,"Explain unlearning in 1 sentence. Unlearning is the process of consciously and deliberately letting go of a deeply ingrained habit, thought, or behavior that no longer serves us, often in order to make space for new experiences and perspectives.

Key points to consider:

*   **Self-awareness**: Recognizing the habit, thought, or behavior that needs to be unlearned.
*   **Motivation**: Understanding why the unlearning","Unlearning is the process of consciously and deliberately letting go of a deeply ingrained habit, thought, or behavior that no longer serves us, often in order to make space for new experiences and perspectives.

Key points to consider:

*   **Self-awareness**: Recognizing the habit, thought, or behavior that needs to be unlearned.
*   **Motivation**: Understanding why the unlearning",57,386,2,0.7719298245614035,standard_definition
meta-llama/Llama-3.2-1B-Instruct,numeric,wording,Explain unlearning in 1 sentence.,0.2,0.95,3,10,90,80,2.269476561999909,35.25041912285817,"Explain unlearning in 1 sentence. Unlearning is the process of deliberately forgetting or rejecting a previously learned behavior, thought, or attitude, often as a result of new information or experiences that challenge or contradict it.

Key points:

* Unlearning is a process of re-examining and re-evaluating existing knowledge and beliefs.
* It involves recognizing and challenging the original assumptions or beliefs that led to the learning.
* Unlearning can","Unlearning is the process of deliberately forgetting or rejecting a previously learned behavior, thought, or attitude, often as a result of new information or experiences that challenge or contradict it.

Key points:

* Unlearning is a process of re-examining and re-evaluating existing knowledge and beliefs.
* It involves recognizing and challenging the original assumptions or beliefs that led to the learning.
* Unlearning can",64,430,3,0.671875,standard_definition
meta-llama/Llama-3.2-1B-Instruct,numeric,wording,Explain unlearning in 1 sentence.,0.2,0.95,4,10,90,80,2.2574665520000963,35.43795584883447,"Explain unlearning in 1 sentence. Unlearning is the process of consciously and deliberately letting go of a learned behavior, thought, or attitude, often in response to new information or experiences that challenge or contradict it.

Key points to consider:

* Unlearning can be a difficult and painful process, as it requires confronting and challenging one's own biases and assumptions.
* It's essential to approach unlearning with an open mind and a willingness to","Unlearning is the process of consciously and deliberately letting go of a learned behavior, thought, or attitude, often in response to new information or experiences that challenge or contradict it.

Key points to consider:

* Unlearning can be a difficult and painful process, as it requires confronting and challenging one's own biases and assumptions.
* It's essential to approach unlearning with an open mind and a willingness to",68,433,2,0.75,verbose_definition
meta-llama/Llama-3.2-1B-Instruct,numeric,wording,Explain unlearning in 1 sentence.,0.7,0.95,0,10,90,80,1.9622220999999627,40.77010446472982,"Explain unlearning in 1 sentence. Unlearning is the process of consciously and intentionally undoing learned behaviors, habits, or concepts in order to return to a state of mind or consciousness that is not dominated by the original learned behavior.

Unlearning is not the same as learning, but rather a process of releasing the association between a learned behavior or concept and the brain regions and neural pathways that process it. This process can be facilitated by challenging","Unlearning is the process of consciously and intentionally undoing learned behaviors, habits, or concepts in order to return to a state of mind or consciousness that is not dominated by the original learned behavior.

Unlearning is not the same as learning, but rather a process of releasing the association between a learned behavior or concept and the brain regions and neural pathways that process it. This process can be facilitated by challenging",72,451,2,0.6527777777777778,verbose_definition
meta-llama/Llama-3.2-1B-Instruct,numeric,wording,Explain unlearning in 1 sentence.,0.7,0.95,1,10,90,80,1.970532354999932,40.59816617423811,"Explain unlearning in 1 sentence. Unlearning is the process of consciously and actively disengaging from a deeply ingrained belief, thought pattern, or attitude that is no longer necessary or serves a purpose, allowing the individual to move beyond the original belief and develop a more adaptive and resilient mindset.

Key elements of unlearning include:

* Recognizing the original belief or thought as no longer serving a purpose
* Acknowledging the emotions","Unlearning is the process of consciously and actively disengaging from a deeply ingrained belief, thought pattern, or attitude that is no longer necessary or serves a purpose, allowing the individual to move beyond the original belief and develop a more adaptive and resilient mindset.

Key elements of unlearning include:

* Recognizing the original belief or thought as no longer serving a purpose
* Acknowledging the emotions",66,428,1,0.6666666666666666,verbose_definition
meta-llama/Llama-3.2-1B-Instruct,numeric,wording,Explain unlearning in 1 sentence.,0.7,0.95,2,10,90,80,1.9440418130000126,41.15137825998987,"Explain unlearning in 1 sentence. Unlearning is the process of intentionally letting go of knowledge, beliefs, or behaviors that are no longer serving one's life or well-being, and instead, adopting a more authentic, intuitive, and empowering approach to life.

What is the difference between learning and unlearning?

Learning is the process of acquiring new knowledge, skills, and understanding, which can be intentional and purposeful. Unlearning, on","Unlearning is the process of intentionally letting go of knowledge, beliefs, or behaviors that are no longer serving one's life or well-being, and instead, adopting a more authentic, intuitive, and empowering approach to life.

What is the difference between learning and unlearning?

Learning is the process of acquiring new knowledge, skills, and understanding, which can be intentional and purposeful. Unlearning, on",61,419,3,0.7213114754098361,conversational_extension
meta-llama/Llama-3.2-1B-Instruct,numeric,wording,Explain unlearning in 1 sentence.,0.7,0.95,3,10,90,80,1.9652553319999697,40.70717870465558,"Explain unlearning in 1 sentence. Unlearning is the process of re-examining and re-conceptualizing previously learned knowledge or skills, often in response to new information or experiences, in order to update and refine one's understanding of the subject matter.

Key points to consider:

* Unlearning involves revisiting and re-evaluating existing knowledge, rather than simply recalling it.
* It requires a critical and reflective approach to challenge","Unlearning is the process of re-examining and re-conceptualizing previously learned knowledge or skills, often in response to new information or experiences, in order to update and refine one's understanding of the subject matter.

Key points to consider:

* Unlearning involves revisiting and re-evaluating existing knowledge, rather than simply recalling it.
* It requires a critical and reflective approach to challenge",60,422,2,0.7666666666666667,standard_definition
meta-llama/Llama-3.2-1B-Instruct,numeric,wording,Explain unlearning in 1 sentence.,0.7,0.95,4,10,90,80,2.2685997079997833,35.26404403469475,"Explain unlearning in 1 sentence. Unlearning involves intentionally discarding, revising, or reevaluating knowledge, attitudes, or behaviors that are no longer supported or relevant to a person's current reality or goals.

Key Points:

* Unlearning is a process of revising and reevaluating existing knowledge, attitudes, or behaviors that are no longer relevant or supported.
* It involves intentionally discarding, revising, or reeval","Unlearning involves intentionally discarding, revising, or reevaluating knowledge, attitudes, or behaviors that are no longer supported or relevant to a person's current reality or goals.

Key Points:

* Unlearning is a process of revising and reevaluating existing knowledge, attitudes, or behaviors that are no longer relevant or supported.
* It involves intentionally discarding, revising, or reeval",56,402,2,0.5714285714285714,standard_definition
meta-llama/Llama-3.2-1B-Instruct,numeric,wording,Explain unlearning in 1 sentence.,1.2,0.95,0,10,90,80,2.278240581999853,35.11481650887613,"Explain unlearning in 1 sentence. Unlearning is a process in which a person reverses the change in their perceptions, beliefs, and behaviors, making it difficult or impossible for the original change to occur again.

How do we typically learn new things? We generally learn new things through conscious engagement, through process of thought and reflection, through deliberate learning process, and through social interaction. These processes are largely driven by individual effort.

What is","Unlearning is a process in which a person reverses the change in their perceptions, beliefs, and behaviors, making it difficult or impossible for the original change to occur again.

How do we typically learn new things? We generally learn new things through conscious engagement, through process of thought and reflection, through deliberate learning process, and through social interaction. These processes are largely driven by individual effort.

What is",68,458,4,0.7647058823529411,conversational_extension
meta-llama/Llama-3.2-1B-Instruct,numeric,wording,Explain unlearning in 1 sentence.,1.2,0.95,1,10,63,53,1.3157238320000033,40.28200957600338,"Explain unlearning in 1 sentence. Learning is just as important as recall as learning is just as important as application. Unlearning is the process of deliberately forgetting or changing old habits or beliefs that no longer serve the best interests of ourselves or others, often in order to replace them with new ones.","Learning is just as important as recall as learning is just as important as application. Unlearning is the process of deliberately forgetting or changing old habits or beliefs that no longer serve the best interests of ourselves or others, often in order to replace them with new ones.",48,285,2,0.7291666666666666,standard_definition
meta-llama/Llama-3.2-1B-Instruct,numeric,wording,Explain unlearning in 1 sentence.,1.2,0.95,2,10,76,66,1.6053577989998757,41.11233024881895,"Explain unlearning in 1 sentence. Unlearning refers to the process of consciously choosing to reject an idea, concept, or behavior that is no longer supported by evidence or is causing harm. It involves a deliberate reversal of a previously held belief, stance, or affiliation, often with a goal of increasing cognitive or emotional well-being, personal growth, or social responsibility.","Unlearning refers to the process of consciously choosing to reject an idea, concept, or behavior that is no longer supported by evidence or is causing harm. It involves a deliberate reversal of a previously held belief, stance, or affiliation, often with a goal of increasing cognitive or emotional well-being, personal growth, or social responsibility.",54,353,2,0.8148148148148148,standard_definition
meta-llama/Llama-3.2-1B-Instruct,numeric,wording,Explain unlearning in 1 sentence.,1.2,0.95,3,10,90,80,1.980917696000006,40.385322500546614,"Explain unlearning in 1 sentence. 
""The unlearning process refers to the gradual process of transforming negative thoughts and experiences into new, positive, and empowering ones, as the brain rewrites and replays experiences through neuroplasticity, allowing for the integration of these changes in future interactions, emotions, and behaviors.""

In simpler terms: Unlearning means changing your brain's patterns and thinking so that new, positive emotions and experiences become the","""The unlearning process refers to the gradual process of transforming negative thoughts and experiences into new, positive, and empowering ones, as the brain rewrites and replays experiences through neuroplasticity, allowing for the integration of these changes in future interactions, emotions, and behaviors.""

In simpler terms: Unlearning means changing your brain's patterns and thinking so that new, positive emotions and experiences become the",62,449,1,0.7096774193548387,standard_definition
meta-llama/Llama-3.2-1B-Instruct,numeric,wording,Explain unlearning in 1 sentence.,1.2,0.95,4,10,50,40,1.0160105029999613,39.369671752302274,"Explain unlearning in 1 sentence. Unlearning refers to the process of actively remembering an unwanted or false information, which, upon repeated repetition, gradually erases or distorts one's original understanding or perception of an idea or concept.","Unlearning refers to the process of actively remembering an unwanted or false information, which, upon repeated repetition, gradually erases or distorts one's original understanding or perception of an idea or concept.",31,218,1,0.8387096774193549,standard_definition
meta-llama/Llama-3.2-1B-Instruct,uppercase,formatting,EXPLAIN unlearning in one sentence.,0.2,0.95,0,9,46,37,0.9311928919998991,39.733980271838256,"EXPLAIN unlearning in one sentence. Unlearning is the process of consciously and deliberately letting go of a learned behavior, thought, or attitude, often to prevent its repetition or to promote personal growth and self-awareness.","Unlearning is the process of consciously and deliberately letting go of a learned behavior, thought, or attitude, often to prevent its repetition or to promote personal growth and self-awareness.",29,195,1,0.8620689655172413,standard_definition
meta-llama/Llama-3.2-1B-Instruct,uppercase,formatting,EXPLAIN unlearning in one sentence.,0.2,0.95,1,9,64,55,1.3681876800001191,40.19916331946156,"EXPLAIN unlearning in one sentence. Unlearning is the process of consciously and deliberately letting go of a learned behavior, thought, or attitude, often as a result of new information or experiences, and can be a difficult and challenging process, but it is a necessary step towards personal growth and self-awareness.","Unlearning is the process of consciously and deliberately letting go of a learned behavior, thought, or attitude, often as a result of new information or experiences, and can be a difficult and challenging process, but it is a necessary step towards personal growth and self-awareness.",45,285,1,0.7555555555555555,standard_definition
meta-llama/Llama-3.2-1B-Instruct,uppercase,formatting,EXPLAIN unlearning in one sentence.,0.2,0.95,2,9,50,41,1.1565042219999668,35.451664784325516,"EXPLAIN unlearning in one sentence. Unlearning is the process of consciously and deliberately letting go of a learned behavior, thought, or attitude, often in response to new information, experiences, or perspectives that challenge or contradict the original learning.","Unlearning is the process of consciously and deliberately letting go of a learned behavior, thought, or attitude, often in response to new information, experiences, or perspectives that challenge or contradict the original learning.",33,232,1,0.8787878787878788,standard_definition
meta-llama/Llama-3.2-1B-Instruct,uppercase,formatting,EXPLAIN unlearning in one sentence.,0.2,0.95,3,9,65,56,1.8331020720002016,30.549308112938427,"EXPLAIN unlearning in one sentence. Unlearning is the process of gradually undoing the habits, beliefs, and behaviors that we have acquired through repeated experiences, often through conditioning or reinforcement, and can be a difficult and challenging process, but it is essential for personal growth, self-awareness, and emotional intelligence.","Unlearning is the process of gradually undoing the habits, beliefs, and behaviors that we have acquired through repeated experiences, often through conditioning or reinforcement, and can be a difficult and challenging process, but it is essential for personal growth, self-awareness, and emotional intelligence.",43,311,1,0.8372093023255814,standard_definition
meta-llama/Llama-3.2-1B-Instruct,uppercase,formatting,EXPLAIN unlearning in one sentence.,0.2,0.95,4,9,46,37,0.9521016519997829,38.86139670305754,"EXPLAIN unlearning in one sentence. Unlearning is the process of intentionally forgetting or rejecting a previously learned behavior, idea, or identity, often as a means of personal growth, self-awareness, or social change.","Unlearning is the process of intentionally forgetting or rejecting a previously learned behavior, idea, or identity, often as a means of personal growth, self-awareness, or social change.",27,187,1,0.8518518518518519,standard_definition
meta-llama/Llama-3.2-1B-Instruct,uppercase,formatting,EXPLAIN unlearning in one sentence.,0.7,0.95,0,9,50,41,1.0045492579999973,40.81432510500158,"EXPLAIN unlearning in one sentence. Unlearning is the process of relearning or re-experiencing a negative experience in order to relearn and reprocess it in a way that is more adaptive, empowering, and less hurtful.","Unlearning is the process of relearning or re-experiencing a negative experience in order to relearn and reprocess it in a way that is more adaptive, empowering, and less hurtful.",29,179,1,0.8620689655172413,standard_definition
meta-llama/Llama-3.2-1B-Instruct,uppercase,formatting,EXPLAIN unlearning in one sentence.,0.7,0.95,1,9,89,80,1.978125179000017,40.4423344130535,"EXPLAIN unlearning in one sentence. Unlearning involves actively letting go of existing beliefs, attitudes, and ways of thinking, often through a process of introspection, self-reflection, and exposure to new ideas and perspectives.

KEY POINTS:

*   **Unlearning requires effort and commitment**: It takes time and dedication to change your thought patterns and behaviors.
*   **It's not about rejecting everything**: Unlearning involves acknowledging and accepting","Unlearning involves actively letting go of existing beliefs, attitudes, and ways of thinking, often through a process of introspection, self-reflection, and exposure to new ideas and perspectives.

KEY POINTS:

*   **Unlearning requires effort and commitment**: It takes time and dedication to change your thought patterns and behaviors.
*   **It's not about rejecting everything**: Unlearning involves acknowledging and accepting",58,430,2,0.7931034482758621,standard_definition
meta-llama/Llama-3.2-1B-Instruct,uppercase,formatting,EXPLAIN unlearning in one sentence.,0.7,0.95,2,9,50,41,1.0117849490000026,40.522445051710186,"EXPLAIN unlearning in one sentence. Unlearning is the process of recognizing and re-evaluating one's existing beliefs, values, and behaviors, and then deliberately changing them in order to adapt to new information, experiences, or perspectives.","Unlearning is the process of recognizing and re-evaluating one's existing beliefs, values, and behaviors, and then deliberately changing them in order to adapt to new information, experiences, or perspectives.",29,209,1,0.896551724137931,standard_definition
meta-llama/Llama-3.2-1B-Instruct,uppercase,formatting,EXPLAIN unlearning in one sentence.,0.7,0.95,3,9,89,80,1.9663549619999685,40.684414333123485,"EXPLAIN unlearning in one sentence. Unlearning is a process of relinquishing existing beliefs, attitudes, or behaviors, and gradually replacing them with new ones, often in response to new information, experiences, or perspectives.

KEY POINTS TO REMEMBER:

* Unlearning involves a process of recognition, acknowledgment, and acceptance
* It often requires a willingness to confront and challenge existing biases or assumptions
* The goal of unlearning is not","Unlearning is a process of relinquishing existing beliefs, attitudes, or behaviors, and gradually replacing them with new ones, often in response to new information, experiences, or perspectives.

KEY POINTS TO REMEMBER:

* Unlearning involves a process of recognition, acknowledgment, and acceptance
* It often requires a willingness to confront and challenge existing biases or assumptions
* The goal of unlearning is not",62,423,1,0.6935483870967742,standard_definition
meta-llama/Llama-3.2-1B-Instruct,uppercase,formatting,EXPLAIN unlearning in one sentence.,0.7,0.95,4,9,49,40,1.0008399270000155,39.96643111541191,"EXPLAIN unlearning in one sentence. Unlearning is the process of intentionally forgetting or changing one's beliefs, attitudes, or behaviors that are no longer useful or relevant, often as a result of new experiences, learning, or reflection.","Unlearning is the process of intentionally forgetting or changing one's beliefs, attitudes, or behaviors that are no longer useful or relevant, often as a result of new experiences, learning, or reflection.",31,206,1,0.8709677419354839,standard_definition
meta-llama/Llama-3.2-1B-Instruct,uppercase,formatting,EXPLAIN unlearning in one sentence.,1.2,0.95,0,9,89,80,1.9835167050000564,40.33240546869895,"EXPLAIN unlearning in one sentence. Unlearning, in a word, involves re-educating or re-conditioning our brain to see past existing knowledge or biases, thereby gradually disengaging from those perspectives that hinder our ability to change or adapt to new experiences. Unlearning requires patience, intentionality, and a willingness to question our assumptions about ourselves, others, and the world around us. (Source: University of Virginia)","Unlearning, in a word, involves re-educating or re-conditioning our brain to see past existing knowledge or biases, thereby gradually disengaging from those perspectives that hinder our ability to change or adapt to new experiences. Unlearning requires patience, intentionality, and a willingness to question our assumptions about ourselves, others, and the world around us. (Source: University of Virginia)",57,407,2,0.8245614035087719,standard_definition
meta-llama/Llama-3.2-1B-Instruct,uppercase,formatting,EXPLAIN unlearning in one sentence.,1.2,0.95,1,9,89,80,2.5978150119999555,30.79511036407906,"EXPLAIN unlearning in one sentence. Unlearning, in this context, refers to the process of challenging and eventually undoing deeply ingrained beliefs, identities, or habits that were acquired through various experiences, often as a result of social or cultural conditioning.
The experience of unlearning is closely tied to the concept of reconditioning, in which the person is actively encouraged to recognize and correct past errors or biases, often accompanied by a desire","Unlearning, in this context, refers to the process of challenging and eventually undoing deeply ingrained beliefs, identities, or habits that were acquired through various experiences, often as a result of social or cultural conditioning.
The experience of unlearning is closely tied to the concept of reconditioning, in which the person is actively encouraged to recognize and correct past errors or biases, often accompanied by a desire",66,438,1,0.7575757575757576,verbose_definition
meta-llama/Llama-3.2-1B-Instruct,uppercase,formatting,EXPLAIN unlearning in one sentence.,1.2,0.95,2,9,89,80,2.0709196740001516,38.63018011001529,"EXPLAIN unlearning in one sentence. EXPLAIN the importance of mindfulness in the context of learning. Explain how to apply mindfulness in everyday situations in one sentence.

**EXPLAIN Unlearning**

Learning unlearning is the process of forgetting the traditional way of thinking or doing things, allowing oneself to be flexible, creative, and open to new possibilities, and recognizing that not all knowledge or perspectives are absolute or universal. This process requires a willingness to","EXPLAIN the importance of mindfulness in the context of learning. Explain how to apply mindfulness in everyday situations in one sentence.

**EXPLAIN Unlearning**

Learning unlearning is the process of forgetting the traditional way of thinking or doing things, allowing oneself to be flexible, creative, and open to new possibilities, and recognizing that not all knowledge or perspectives are absolute or universal. This process requires a willingness to",67,456,3,0.7313432835820896,verbose_definition
meta-llama/Llama-3.2-1B-Instruct,uppercase,formatting,EXPLAIN unlearning in one sentence.,1.2,0.95,3,9,84,75,1.8646900349999669,40.22116201205598,"EXPLAIN unlearning in one sentence. The act of unlearning is the process of unlearning a deeply ingrained identity, memory, or perception that becomes a dominant narrative or understanding of oneself or the world; it requires confronting the limitations and flaws of one's previous views and embracing new perspectives in order to free oneself from the constraints of old thinking and gain a fresh understanding of one's place in the world.","The act of unlearning is the process of unlearning a deeply ingrained identity, memory, or perception that becomes a dominant narrative or understanding of oneself or the world; it requires confronting the limitations and flaws of one's previous views and embracing new perspectives in order to free oneself from the constraints of old thinking and gain a fresh understanding of one's place in the world.",65,404,1,0.6615384615384615,verbose_definition
meta-llama/Llama-3.2-1B-Instruct,uppercase,formatting,EXPLAIN unlearning in one sentence.,1.2,0.95,4,9,89,80,1.9966423870000654,40.06726518522888,"EXPLAIN unlearning in one sentence. Unlearning refers to the process of releasing the attachment to a thought, experience, or behavior from one's conscious mind as a prelude to the ability to learn and change new patterns. Essentially, it allows for the expansion of conscious awareness, which can be applied to the acquisition of new skills or understanding of the world around us. EXPLAIN. (1/8) **EXPLAIN unlearning:**","Unlearning refers to the process of releasing the attachment to a thought, experience, or behavior from one's conscious mind as a prelude to the ability to learn and change new patterns. Essentially, it allows for the expansion of conscious awareness, which can be applied to the acquisition of new skills or understanding of the world around us. EXPLAIN. (1/8) **EXPLAIN unlearning:**",61,385,3,0.7377049180327869,standard_definition
meta-llama/Llama-3.2-1B-Instruct,punctuation,punctuation,Explain unlearning in one sentence!!,0.2,0.95,0,9,51,42,1.0424496169998747,40.28971694658414,"Explain unlearning in one sentence!! 

Unlearning is the process of consciously and deliberately letting go of a learned behavior, thought, or attitude that no longer serves us, often as a result of negative experiences, trauma, or societal conditioning.","Unlearning is the process of consciously and deliberately letting go of a learned behavior, thought, or attitude that no longer serves us, often as a result of negative experiences, trauma, or societal conditioning.",33,215,1,0.8787878787878788,standard_definition
meta-llama/Llama-3.2-1B-Instruct,punctuation,punctuation,Explain unlearning in one sentence!!,0.2,0.95,1,9,89,80,1.9955057849999775,40.09008673457737,"Explain unlearning in one sentence!! 

Unlearning is the process of consciously and deliberately letting go of a learned behavior, thought, or attitude that no longer serves us. It involves recognizing the patterns and habits that have been ingrained in our minds and bodies, and making a conscious decision to release them, often accompanied by a sense of discomfort or unease.

Unlearning can be a challenging and difficult process, but it is an essential","Unlearning is the process of consciously and deliberately letting go of a learned behavior, thought, or attitude that no longer serves us. It involves recognizing the patterns and habits that have been ingrained in our minds and bodies, and making a conscious decision to release them, often accompanied by a sense of discomfort or unease.

Unlearning can be a challenging and difficult process, but it is an essential",68,418,2,0.7647058823529411,verbose_definition
meta-llama/Llama-3.2-1B-Instruct,punctuation,punctuation,Explain unlearning in one sentence!!,0.2,0.95,2,9,60,51,1.3828474189999724,36.88042462188738,"Explain unlearning in one sentence!! 

Unlearning is the process of consciously and intentionally letting go of a learned behavior, thought, or attitude that no longer serves us. It involves recognizing the patterns and habits that have been ingrained in us and making a conscious decision to change them.","Unlearning is the process of consciously and intentionally letting go of a learned behavior, thought, or attitude that no longer serves us. It involves recognizing the patterns and habits that have been ingrained in us and making a conscious decision to change them.",43,266,2,0.8372093023255814,standard_definition
meta-llama/Llama-3.2-1B-Instruct,punctuation,punctuation,Explain unlearning in one sentence!!,0.2,0.95,3,9,60,51,1.6060113189998901,31.755691505187635,"Explain unlearning in one sentence!! 

Unlearning is the process of consciously and intentionally letting go of a learned behavior, thought, or attitude that no longer serves us. It involves recognizing the patterns and habits that have been ingrained in us and making a conscious decision to change them.","Unlearning is the process of consciously and intentionally letting go of a learned behavior, thought, or attitude that no longer serves us. It involves recognizing the patterns and habits that have been ingrained in us and making a conscious decision to change them.",43,266,2,0.8372093023255814,standard_definition
meta-llama/Llama-3.2-1B-Instruct,punctuation,punctuation,Explain unlearning in one sentence!!,0.2,0.95,4,9,60,51,1.5197305479998704,33.55858054384806,"Explain unlearning in one sentence!! 

Unlearning is the process of consciously and intentionally letting go of a learned behavior, thought, or attitude that no longer serves us. It involves recognizing the patterns and habits that have been ingrained in us and making a conscious decision to change them.","Unlearning is the process of consciously and intentionally letting go of a learned behavior, thought, or attitude that no longer serves us. It involves recognizing the patterns and habits that have been ingrained in us and making a conscious decision to change them.",43,266,2,0.8372093023255814,standard_definition
meta-llama/Llama-3.2-1B-Instruct,punctuation,punctuation,Explain unlearning in one sentence!!,0.7,0.95,0,9,89,80,1.9865437609998935,40.27094774883456,"Explain unlearning in one sentence!! 

Unlearning is the process of recognizing and relinquishing the false beliefs, habits, or assumptions that we have acquired through repeated experiences, conditioning, or cultural conditioning. 

This process involves recognizing and challenging the underlying assumptions and beliefs that support our current way of thinking and acting, and replacing them with new, more accurate and adaptive perspectives. 

In essence, unlearning is a process of liberating ourselves","Unlearning is the process of recognizing and relinquishing the false beliefs, habits, or assumptions that we have acquired through repeated experiences, conditioning, or cultural conditioning. 

This process involves recognizing and challenging the underlying assumptions and beliefs that support our current way of thinking and acting, and replacing them with new, more accurate and adaptive perspectives. 

In essence, unlearning is a process of liberating ourselves",64,468,2,0.703125,standard_definition
meta-llama/Llama-3.2-1B-Instruct,punctuation,punctuation,Explain unlearning in one sentence!!,0.7,0.95,1,9,89,80,2.0299090720000095,39.410632280774216,"Explain unlearning in one sentence!! 

Unlearning is the process of deliberately letting go of existing knowledge, assumptions, or attitudes that no longer serve us, and replacing them with new ones. It involves intentionally and deliberately changing our beliefs, behaviors, and perceptions to align with our values, goals, and desired outcomes.

This process is similar to learning, but instead of acquiring new information, we are reorganizing our existing thought patterns and","Unlearning is the process of deliberately letting go of existing knowledge, assumptions, or attitudes that no longer serve us, and replacing them with new ones. It involves intentionally and deliberately changing our beliefs, behaviors, and perceptions to align with our values, goals, and desired outcomes.

This process is similar to learning, but instead of acquiring new information, we are reorganizing our existing thought patterns and",65,441,2,0.7692307692307693,verbose_definition
meta-llama/Llama-3.2-1B-Instruct,punctuation,punctuation,Explain unlearning in one sentence!!,0.7,0.95,2,9,50,41,1.0214010849999795,40.14094032414389,"Explain unlearning in one sentence!! 

""Unlearning is the process of unlearning a deeply ingrained and often unconscious behavior or thought pattern, often in response to new information or experiences that challenge the old way of thinking or being.""","""Unlearning is the process of unlearning a deeply ingrained and often unconscious behavior or thought pattern, often in response to new information or experiences that challenge the old way of thinking or being.""",33,212,1,0.8181818181818182,standard_definition
meta-llama/Llama-3.2-1B-Instruct,punctuation,punctuation,Explain unlearning in one sentence!!,0.7,0.95,3,9,77,68,1.6686234740000145,40.752153532271,"Explain unlearning in one sentence!! 

Unlearning is the process of intentionally letting go of an unwanted thought pattern, habit, or belief, and replacing it with a new, more positive one. It involves recognizing and acknowledging the thought or habit that is no longer serving you, and then working to rewire your brain to replace it with a more empowering and fulfilling one.","Unlearning is the process of intentionally letting go of an unwanted thought pattern, habit, or belief, and replacing it with a new, more positive one. It involves recognizing and acknowledging the thought or habit that is no longer serving you, and then working to rewire your brain to replace it with a more empowering and fulfilling one.",57,340,2,0.7192982456140351,standard_definition
meta-llama/Llama-3.2-1B-Instruct,punctuation,punctuation,Explain unlearning in one sentence!!,0.7,0.95,4,9,89,80,1.9481193679998796,41.06524544342241,"Explain unlearning in one sentence!! 

Unlearning is the process of re-examining and re-evaluating our assumptions, habits, and behaviors, and challenging them to adopt new ones, in order to break free from negative patterns and behaviors that no longer serve us.

Key principles of unlearning:

1. **Awareness**: Recognizing the patterns and habits that are no longer serving us.
2. **Reflection**: Examining","Unlearning is the process of re-examining and re-evaluating our assumptions, habits, and behaviors, and challenging them to adopt new ones, in order to break free from negative patterns and behaviors that no longer serve us.

Key principles of unlearning:

1. **Awareness**: Recognizing the patterns and habits that are no longer serving us.
2. **Reflection**: Examining",55,370,4,0.7272727272727273,standard_definition
meta-llama/Llama-3.2-1B-Instruct,punctuation,punctuation,Explain unlearning in one sentence!!,1.2,0.95,0,9,66,57,1.7000527440000042,33.52837151739561,"Explain unlearning in one sentence!!!

Unlearning is the process of intentionally and willingly breaking free from conditioned, learned, or learned-like behaviors, habits, or attitudes, or the process of recalling past knowledge or habits that may have been ""unlearned"" due to trauma, abuse, or other negative influences.","!

Unlearning is the process of intentionally and willingly breaking free from conditioned, learned, or learned-like behaviors, habits, or attitudes, or the process of recalling past knowledge or habits that may have been ""unlearned"" due to trauma, abuse, or other negative influences.",42,285,2,0.8048780487804879,standard_definition
meta-llama/Llama-3.2-1B-Instruct,punctuation,punctuation,Explain unlearning in one sentence!!,1.2,0.95,1,9,40,31,1.040851248999843,29.78331440711436,"Explain unlearning in one sentence!!


The learning theory of unschooling unlearning allows individuals to re-educate themselves through experimentation and discovery rather than conform to traditional educational norms.",The learning theory of unschooling unlearning allows individuals to re-educate themselves through experimentation and discovery rather than conform to traditional educational norms.,22,181,1,0.9545454545454546,compact_definition
meta-llama/Llama-3.2-1B-Instruct,punctuation,punctuation,Explain unlearning in one sentence!!,1.2,0.95,2,9,89,80,2.0236601450001217,39.53232967386191,"Explain unlearning in one sentence!!

""Unlearning"" refers to the process of acknowledging the inherent biases, cultural conditioning, and societal norms that shape our perception of oneself and our place in the world, allowing us to break free from these limitations and relearn.

The sentence contains several key concepts, including ""unlearning"":

* **Conscious vs. unconscious**: It points out that learning is not a single event, but rather a","""Unlearning"" refers to the process of acknowledging the inherent biases, cultural conditioning, and societal norms that shape our perception of oneself and our place in the world, allowing us to break free from these limitations and relearn.

The sentence contains several key concepts, including ""unlearning"":

* **Conscious vs. unconscious**: It points out that learning is not a single event, but rather a",62,408,2,0.8225806451612904,standard_definition
meta-llama/Llama-3.2-1B-Instruct,punctuation,punctuation,Explain unlearning in one sentence!!,1.2,0.95,3,9,89,80,1.980201212000111,40.399934872878724,"Explain unlearning in one sentence!! 
Unlearning involves challenging and reversing the unwanted behavior patterns we hold, allowing us to regain control and develop more positive self-regulation, often triggered by external forces such as criticism, social judgments, or cultural norms.

Example: A person learns the healthy habits of exercise and healthy eating but then becomes sedentary due to laziness and lacks discipline in cooking, allowing their unhealthy habits to be unlearn","Unlearning involves challenging and reversing the unwanted behavior patterns we hold, allowing us to regain control and develop more positive self-regulation, often triggered by external forces such as criticism, social judgments, or cultural norms.

Example: A person learns the healthy habits of exercise and healthy eating but then becomes sedentary due to laziness and lacks discipline in cooking, allowing their unhealthy habits to be unlearn",65,447,1,0.8615384615384616,verbose_definition
meta-llama/Llama-3.2-1B-Instruct,punctuation,punctuation,Explain unlearning in one sentence!!,1.2,0.95,4,9,89,80,1.990919028999997,40.182447821688946,"Explain unlearning in one sentence!!:

""Unlearning"" refers to the process of consciously recognizing, accepting, and integrating the limitations of our personal narratives, societal biases, and cultural conditioning, allowing us to create space for new knowledge, perspectives, and behaviors that can bring about positive change.

How do we ""unlearn"" our internalized biases and oppressive systems? Here are 8 steps:

• **Recognize and accept your internal",":

""Unlearning"" refers to the process of consciously recognizing, accepting, and integrating the limitations of our personal narratives, societal biases, and cultural conditioning, allowing us to create space for new knowledge, perspectives, and behaviors that can bring about positive change.

How do we ""unlearn"" our internalized biases and oppressive systems? Here are 8 steps:

• **Recognize and accept your internal",60,420,2,0.847457627118644,conversational_extension
meta-llama/Llama-3.2-1B-Instruct,polite,tone,Please explain unlearning in one sentence.,0.2,0.95,0,9,89,80,1.9781668430000536,40.44148261967296,"Please explain unlearning in one sentence. Unlearning is the process of intentionally letting go of a learned behavior, thought, or attitude, often in response to new information, experiences, or perspectives that challenge or contradict the original learning.

Is there a specific context or situation where unlearning is most relevant? Unlearning is particularly relevant in situations where:

* New information or experiences contradict the original learning
* The original learning is no longer supported or","Unlearning is the process of intentionally letting go of a learned behavior, thought, or attitude, often in response to new information, experiences, or perspectives that challenge or contradict the original learning.

Is there a specific context or situation where unlearning is most relevant? Unlearning is particularly relevant in situations where:

* New information or experiences contradict the original learning
* The original learning is no longer supported or",68,468,2,0.5882352941176471,conversational_extension
meta-llama/Llama-3.2-1B-Instruct,polite,tone,Please explain unlearning in one sentence.,0.2,0.95,1,9,89,80,1.946422056999836,41.10105499077107,"Please explain unlearning in one sentence. Unlearning is the process of intentionally and consciously letting go of a learned behavior, thought, or attitude that no longer serves us, and replacing it with a new one that is more aligned with our values, needs, and desires.

Is this correct?

## Step 1: Understand the concept of unlearning
Unlearning involves the process of letting go of a learned behavior, thought, or attitude that","Unlearning is the process of intentionally and consciously letting go of a learned behavior, thought, or attitude that no longer serves us, and replacing it with a new one that is more aligned with our values, needs, and desires.

Is this correct?

## Step 1: Understand the concept of unlearning
Unlearning involves the process of letting go of a learned behavior, thought, or attitude that",65,391,2,0.6153846153846154,conversational_extension
meta-llama/Llama-3.2-1B-Instruct,polite,tone,Please explain unlearning in one sentence.,0.2,0.95,2,9,62,53,1.563757502000044,33.892723093071055,"Please explain unlearning in one sentence. Unlearning is the process of consciously and intentionally letting go of a deeply ingrained habit, thought, or behavior that no longer serves us, often as a result of learning and growing.

Is there anything else you'd like to add or discuss about unlearning?","Unlearning is the process of consciously and intentionally letting go of a deeply ingrained habit, thought, or behavior that no longer serves us, often as a result of learning and growing.

Is there anything else you'd like to add or discuss about unlearning?",43,259,2,0.8372093023255814,conversational_extension
meta-llama/Llama-3.2-1B-Instruct,polite,tone,Please explain unlearning in one sentence.,0.2,0.95,3,9,64,55,1.7145748220000314,32.0779235144974,"Please explain unlearning in one sentence. Unlearning is the process of intentionally and deliberately undoing or reversing the effects of a past experience, behavior, or thought pattern, often to prevent similar experiences or behaviors from occurring in the future.

Is there anything else you'd like to add or discuss about unlearning?","Unlearning is the process of intentionally and deliberately undoing or reversing the effects of a past experience, behavior, or thought pattern, often to prevent similar experiences or behaviors from occurring in the future.

Is there anything else you'd like to add or discuss about unlearning?",45,295,2,0.8,conversational_extension
meta-llama/Llama-3.2-1B-Instruct,polite,tone,Please explain unlearning in one sentence.,0.2,0.95,4,9,48,39,0.9871004589999757,39.50965643305507,"Please explain unlearning in one sentence. Unlearning is the process of consciously and deliberately letting go of a learned behavior, thought, or attitude that no longer serves us, and replacing it with a new one.

Is this correct?","Unlearning is the process of consciously and deliberately letting go of a learned behavior, thought, or attitude that no longer serves us, and replacing it with a new one.

Is this correct?",32,189,2,0.875,conversational_extension
meta-llama/Llama-3.2-1B-Instruct,polite,tone,Please explain unlearning in one sentence.,0.7,0.95,0,9,36,27,0.6891608670000551,39.1780806091502,Please explain unlearning in one sentence. Unlearning is the process of intentionally forgetting or revising a previously acquired skill or knowledge to relearn a new or different one.,Unlearning is the process of intentionally forgetting or revising a previously acquired skill or knowledge to relearn a new or different one.,22,141,1,0.8636363636363636,compact_definition
meta-llama/Llama-3.2-1B-Instruct,polite,tone,Please explain unlearning in one sentence.,0.7,0.95,1,9,89,80,1.9728350440000213,40.55078007829586,"Please explain unlearning in one sentence. Unlearning is the process of overcoming the emotional and psychological conditioning that has been imposed upon us by external factors, such as culture, media, or upbringing, in order to reclaim our true selves and live authentically.

Is there anything that can help or hinder this process of unlearning? What are some key principles to keep in mind when trying to unlearn?

Here are some possible answers to these","Unlearning is the process of overcoming the emotional and psychological conditioning that has been imposed upon us by external factors, such as culture, media, or upbringing, in order to reclaim our true selves and live authentically.

Is there anything that can help or hinder this process of unlearning? What are some key principles to keep in mind when trying to unlearn?

Here are some possible answers to these",68,415,3,0.7941176470588235,conversational_extension
meta-llama/Llama-3.2-1B-Instruct,polite,tone,Please explain unlearning in one sentence.,0.7,0.95,2,9,89,80,2.0871081199998116,38.330548970317466,"Please explain unlearning in one sentence. Unlearning is the process of rejecting, challenging, or reevaluating one's deeply ingrained biases, assumptions, or stereotypes, and can involve the process of recognizing and acknowledging one's own privilege and its impact on others.

What is the process of unlearning in more detail?

Unlearning involves several steps:

1. **Awareness**: Recognizing the unlearned bias or stereotype that needs to","Unlearning is the process of rejecting, challenging, or reevaluating one's deeply ingrained biases, assumptions, or stereotypes, and can involve the process of recognizing and acknowledging one's own privilege and its impact on others.

What is the process of unlearning in more detail?

Unlearning involves several steps:

1. **Awareness**: Recognizing the unlearned bias or stereotype that needs to",57,400,3,0.7192982456140351,conversational_extension
meta-llama/Llama-3.2-1B-Instruct,polite,tone,Please explain unlearning in one sentence.,0.7,0.95,3,9,89,80,2.1334675360001256,37.49764111713922,"Please explain unlearning in one sentence. Unlearning is the process of abandoning or rejecting an existing belief, concept, or identity, often in response to new information or experiences that challenge or contradict it.

This can involve actively or passively rejecting the old beliefs, and may involve a process of re-examining or reinterpreting the original concept or identity, and may also involve a process of integrating new information and perspectives into one's existing","Unlearning is the process of abandoning or rejecting an existing belief, concept, or identity, often in response to new information or experiences that challenge or contradict it.

This can involve actively or passively rejecting the old beliefs, and may involve a process of re-examining or reinterpreting the original concept or identity, and may also involve a process of integrating new information and perspectives into one's existing",66,439,1,0.6363636363636364,verbose_definition
meta-llama/Llama-3.2-1B-Instruct,polite,tone,Please explain unlearning in one sentence.,0.7,0.95,4,9,89,80,2.299984153999958,34.78284833435486,"Please explain unlearning in one sentence. Unlearning refers to the process of releasing or letting go of preconceived notions, biases, and assumptions that can hold us back from being open-minded, empathetic, and receptive to new ideas and perspectives.

This concept is rooted in the idea that our minds are wired to maintain a certain level of comfort and familiarity, and that unlearning requires a conscious effort to confront and challenge our existing biases and","Unlearning refers to the process of releasing or letting go of preconceived notions, biases, and assumptions that can hold us back from being open-minded, empathetic, and receptive to new ideas and perspectives.

This concept is rooted in the idea that our minds are wired to maintain a certain level of comfort and familiarity, and that unlearning requires a conscious effort to confront and challenge our existing biases and",68,426,1,0.7352941176470589,verbose_definition
meta-llama/Llama-3.2-1B-Instruct,polite,tone,Please explain unlearning in one sentence.,1.2,0.95,0,9,61,52,1.8651859169999625,27.87925832275145,"Please explain unlearning in one sentence. Unlearning refers to the process of recalling and re-examining traumatic experiences, often allowing an individual to process and gain insight into their trauma. The goal of unlearning is not to forget but to work through their experiences in a new and positive manner.","Unlearning refers to the process of recalling and re-examining traumatic experiences, often allowing an individual to process and gain insight into their trauma. The goal of unlearning is not to forget but to work through their experiences in a new and positive manner.",43,269,2,0.7441860465116279,standard_definition
meta-llama/Llama-3.2-1B-Instruct,polite,tone,Please explain unlearning in one sentence.,1.2,0.95,1,9,89,80,2.1961917029998403,36.42669257457158,"Please explain unlearning in one sentence. Unlearning is the process of forgetting or canceling out past memories, beliefs, or behaviors that are no longer useful or beneficial. It's not just about erasing memories, but also about creating space for new, more positive ones. It involves letting go of the past in a way that supports personal growth and well-being, rather than recreating it in a way that leads to problems and conflict.","Unlearning is the process of forgetting or canceling out past memories, beliefs, or behaviors that are no longer useful or beneficial. It's not just about erasing memories, but also about creating space for new, more positive ones. It involves letting go of the past in a way that supports personal growth and well-being, rather than recreating it in a way that leads to problems and conflict.",66,393,3,0.7878787878787878,verbose_definition
meta-llama/Llama-3.2-1B-Instruct,polite,tone,Please explain unlearning in one sentence.,1.2,0.95,2,9,89,80,2.1168352729998787,37.79226518964217,"Please explain unlearning in one sentence. Unlearning is the process of disengaging with past experiences or perspectives that may be causing distress or disruption, such as changing one's emotional or cognitive understanding of themselves or others.

I want to add that unlearning involves recognizing the historical power dynamics that have been embedded in the past and actively confronting these dynamics in a way that allows for change and growth. It requires embracing empathy, understanding, and a","Unlearning is the process of disengaging with past experiences or perspectives that may be causing distress or disruption, such as changing one's emotional or cognitive understanding of themselves or others.

I want to add that unlearning involves recognizing the historical power dynamics that have been embedded in the past and actively confronting these dynamics in a way that allows for change and growth. It requires embracing empathy, understanding, and a",70,461,2,0.7571428571428571,verbose_definition
meta-llama/Llama-3.2-1B-Instruct,polite,tone,Please explain unlearning in one sentence.,1.2,0.95,3,9,89,80,2.1194607160000487,37.74545071586888,"Please explain unlearning in one sentence. Unlearning is the process of actively dismissing past experiences, beliefs, knowledge, or attitudes, such as emotional reactions or perceptions, from one's memory or brain, often as a means of challenging biases, promoting self-awareness, and fostering a more adaptive and open mindset.

I thought you could help clarify this complex topic by providing more nuanced explanations in the future. I'd like to request clarification if my","Unlearning is the process of actively dismissing past experiences, beliefs, knowledge, or attitudes, such as emotional reactions or perceptions, from one's memory or brain, often as a means of challenging biases, promoting self-awareness, and fostering a more adaptive and open mindset.

I thought you could help clarify this complex topic by providing more nuanced explanations in the future. I'd like to request clarification if my",65,433,2,0.8769230769230769,verbose_definition
meta-llama/Llama-3.2-1B-Instruct,polite,tone,Please explain unlearning in one sentence.,1.2,0.95,4,9,35,26,0.6874643169999217,37.82014477996967,"Please explain unlearning in one sentence. Unlearning is the deliberate process of releasing knowledge and experiences that no longer serve one, rather than adopting new knowledge and values.","Unlearning is the deliberate process of releasing knowledge and experiences that no longer serve one, rather than adopting new knowledge and values.",22,148,1,0.9090909090909091,compact_definition
meta-llama/Llama-3.2-1B-Instruct,compressed,compressed,"Unlearning, one sentence.",0.2,0.95,0,7,62,55,1.378374901999905,39.90206142044495,"Unlearning, one sentence. Unlearning is a process of letting go of the past, of releasing the grip of the past, of unshackling oneself from the burdens of the past. It is a journey of self-discovery, of shedding the skin of the old, of becoming anew.","Unlearning is a process of letting go of the past, of releasing the grip of the past, of unshackling oneself from the burdens of the past. It is a journey of self-discovery, of shedding the skin of the old, of becoming anew.",42,224,2,0.5476190476190477,standard_definition
meta-llama/Llama-3.2-1B-Instruct,compressed,compressed,"Unlearning, one sentence.",0.2,0.95,1,7,87,80,2.122087535999981,37.698727617426954,"Unlearning, one sentence. Unlearning is not about erasing memories, but about relearning to see the world in a different way. Unlearning is not about forgetting, but about remembering to question. Unlearning is not about escaping, but about embracing the unknown. Unlearning is not about being right, but about being open. Unlearning is not about winning, but about losing. Unlearning is not about being free,","Unlearning is not about erasing memories, but about relearning to see the world in a different way. Unlearning is not about forgetting, but about remembering to question. Unlearning is not about escaping, but about embracing the unknown. Unlearning is not about being right, but about being open. Unlearning is not about winning, but about losing. Unlearning is not about being free,",61,383,5,0.45901639344262296,standard_definition
meta-llama/Llama-3.2-1B-Instruct,compressed,compressed,"Unlearning, one sentence.",0.2,0.95,2,7,87,80,2.480475920000117,32.251875277223505,"Unlearning, one sentence. Unlearning is not about erasing memories, but about unlearning the narratives that have been imposed upon us. Unlearning is not about forgetting, but about releasing the grip of what we've been told. Unlearning is not about changing our past, but about creating a new narrative that is not defined by the stories of others. Unlearning is not about being free, but about being unbound.","Unlearning is not about erasing memories, but about unlearning the narratives that have been imposed upon us. Unlearning is not about forgetting, but about releasing the grip of what we've been told. Unlearning is not about changing our past, but about creating a new narrative that is not defined by the stories of others. Unlearning is not about being free, but about being unbound.",64,384,4,0.5625,standard_definition
meta-llama/Llama-3.2-1B-Instruct,compressed,compressed,"Unlearning, one sentence.",0.2,0.95,3,7,87,80,1.9722589810000954,40.56262426521364,"Unlearning, one sentence. Unlearning is not about erasing memories, but about relearning the truth. It's about recognizing that the past is not a fixed entity, but a fluid and malleable construct that can be shaped and reshaped by our experiences, our perceptions, and our choices. Unlearning is not about forgetting, but about remembering. It's about acknowledging that our memories are not objective truths, but rather","Unlearning is not about erasing memories, but about relearning the truth. It's about recognizing that the past is not a fixed entity, but a fluid and malleable construct that can be shaped and reshaped by our experiences, our perceptions, and our choices. Unlearning is not about forgetting, but about remembering. It's about acknowledging that our memories are not objective truths, but rather",62,394,3,0.5967741935483871,standard_definition
meta-llama/Llama-3.2-1B-Instruct,compressed,compressed,"Unlearning, one sentence.",0.2,0.95,4,7,87,80,1.9847229270001208,40.307893314317084,"Unlearning, one sentence. Unlearning is not about erasing memories, but about releasing the emotional charge they hold. Unlearning is not about forgetting, but about transforming the way we experience and interact with the world around us. Unlearning is not about changing our past, but about creating a new narrative that is more authentic and compassionate. Unlearning is not about escaping reality, but about embracing it with a sense of curiosity and","Unlearning is not about erasing memories, but about releasing the emotional charge they hold. Unlearning is not about forgetting, but about transforming the way we experience and interact with the world around us. Unlearning is not about changing our past, but about creating a new narrative that is more authentic and compassionate. Unlearning is not about escaping reality, but about embracing it with a sense of curiosity and",68,428,3,0.6176470588235294,verbose_definition
meta-llama/Llama-3.2-1B-Instruct,compressed,compressed,"Unlearning, one sentence.",0.7,0.95,0,7,87,80,1.9751669299998866,40.502905746809255,"Unlearning, one sentence. Unlearning is not about changing one's opinion or perception, but about unlearning the very notion that one's thoughts, feelings, or actions are the defining factor of who they are. It's about breaking free from the chains of self-perception and the societal norms that have been imposed upon us. (Nadine Gordimer, The Girl with a Pearl Earring)

This quote emphasizes the importance","Unlearning is not about changing one's opinion or perception, but about unlearning the very notion that one's thoughts, feelings, or actions are the defining factor of who they are. It's about breaking free from the chains of self-perception and the societal norms that have been imposed upon us. (Nadine Gordimer, The Girl with a Pearl Earring)

This quote emphasizes the importance",61,383,2,0.7868852459016393,standard_definition
meta-llama/Llama-3.2-1B-Instruct,compressed,compressed,"Unlearning, one sentence.",0.7,0.95,1,7,87,80,1.9645496170001024,40.72180173395734,"Unlearning, one sentence. ""I don't want to be a slave to my emotions, to be controlled by my feelings, and to be held captive by my thoughts."" - Unknown. Unlearning is not a process of simply changing a habit or a behavior, but rather it's a process of unlearning the patterns, the narratives, and the beliefs that have been passed down to us, and reclaiming our autonomy and our","""I don't want to be a slave to my emotions, to be controlled by my feelings, and to be held captive by my thoughts."" - Unknown. Unlearning is not a process of simply changing a habit or a behavior, but rather it's a process of unlearning the patterns, the narratives, and the beliefs that have been passed down to us, and reclaiming our autonomy and our",66,353,2,0.6666666666666666,verbose_definition
meta-llama/Llama-3.2-1B-Instruct,compressed,compressed,"Unlearning, one sentence.",0.7,0.95,2,7,76,69,1.8074521769999592,38.175283904068436,"Unlearning, one sentence. 
To reframe a thought or behavior, to unlearn something that is no longer serving us, to unlearn the way we've been conditioned to think and feel. 

In the realm of learning, unlearning is often the first step towards growth. It's a process of letting go of what we've learned and embracing new experiences.","To reframe a thought or behavior, to unlearn something that is no longer serving us, to unlearn the way we've been conditioned to think and feel. 

In the realm of learning, unlearning is often the first step towards growth. It's a process of letting go of what we've learned and embracing new experiences.",53,306,3,0.7735849056603774,standard_definition
meta-llama/Llama-3.2-1B-Instruct,compressed,compressed,"Unlearning, one sentence.",0.7,0.95,3,7,64,57,1.8853347629999462,30.233357554656,"Unlearning, one sentence. ""Unlearning"" is not just about forgetting, it's about recognizing the ways in which our minds and bodies have been shaped by societal norms and expectations. It's about breaking free from the cycles of self-doubt and shame that have held us back for far too long.","""Unlearning"" is not just about forgetting, it's about recognizing the ways in which our minds and bodies have been shaped by societal norms and expectations. It's about breaking free from the cycles of self-doubt and shame that have held us back for far too long.",45,263,2,0.8444444444444444,standard_definition
meta-llama/Llama-3.2-1B-Instruct,compressed,compressed,"Unlearning, one sentence.",0.7,0.95,4,7,52,45,1.2323889940000754,36.5144448863824,"Unlearning, one sentence. The first sentence of every sentence of the previous sentence was ""Unlearning"". Unlearning is a word that has multiple meanings, including the process of forgetting something, but also the act of rejecting or distancing oneself from something.","The first sentence of every sentence of the previous sentence was ""Unlearning"". Unlearning is a word that has multiple meanings, including the process of forgetting something, but also the act of rejecting or distancing oneself from something.",37,243,2,0.7297297297297297,standard_definition
meta-llama/Llama-3.2-1B-Instruct,compressed,compressed,"Unlearning, one sentence.",1.2,0.95,0,7,87,80,1.9894609279999713,40.21189804437373,"Unlearning, one sentence. Until the next time we collide.
Revel in the echoes of freedom.

How does one read a sentence like that, let alone an entire verse? I guess it's an exercise in deciphering the code. To me, the entire phrase is a call for the liberation of the self from conditioning. Or, it appears, a message from an unknown poet about the fluidity of identity. I love","Until the next time we collide.
Revel in the echoes of freedom.

How does one read a sentence like that, let alone an entire verse? I guess it's an exercise in deciphering the code. To me, the entire phrase is a call for the liberation of the self from conditioning. Or, it appears, a message from an unknown poet about the fluidity of identity. I love",66,352,6,0.7575757575757576,conversational_extension
meta-llama/Llama-3.2-1B-Instruct,compressed,compressed,"Unlearning, one sentence.",1.2,0.95,1,7,87,80,1.9839786110001114,40.32301535734425,"Unlearning, one sentence. Unwritten is still being written... Unconsciousness is a muscle you can never get to work even if you work for it.
A. Unfinished
B. Uncovered
C. Uncovered
D. A. Unfinished
The correct answer is D. A. Unfinished. The sentence ""Unfinished is still being built"" is a great example of the subject-verb agreement error","Unwritten is still being written... Unconsciousness is a muscle you can never get to work even if you work for it.
A. Unfinished
B. Uncovered
C. Uncovered
D. A. Unfinished
The correct answer is D. A. Unfinished. The sentence ""Unfinished is still being built"" is a great example of the subject-verb agreement error",53,313,12,0.6415094339622641,standard_definition
meta-llama/Llama-3.2-1B-Instruct,compressed,compressed,"Unlearning, one sentence.",1.2,0.95,2,7,38,31,0.7700641149999683,40.25638826190632,"Unlearning, one sentence. Unlearning is not simply a process of removing old thoughts or behaviors; it is a confrontation of the deeply ingrained emotions and identities that they evoke.",Unlearning is not simply a process of removing old thoughts or behaviors; it is a confrontation of the deeply ingrained emotions and identities that they evoke.,26,160,1,0.8846153846153846,standard_definition
meta-llama/Llama-3.2-1B-Instruct,compressed,compressed,"Unlearning, one sentence.",1.2,0.95,3,7,87,80,1.94763197400016,41.07552200208099,"Unlearning, one sentence. It's a habit, a thought-pattern that's deeply ingrained. But it's possible, sometimes impossible, to leave it behind.
— David Lynch
""You look like you just woke up. I think you have unlearning to kill.""
— Jeff Beaumont
These two lines, which don't sound like a great quote at first glance, offer different perspectives on the concept of unlearning. David","It's a habit, a thought-pattern that's deeply ingrained. But it's possible, sometimes impossible, to leave it behind.
— David Lynch
""You look like you just woke up. I think you have unlearning to kill.""
— Jeff Beaumont
These two lines, which don't sound like a great quote at first glance, offer different perspectives on the concept of unlearning. David",59,354,5,0.8305084745762712,standard_definition
meta-llama/Llama-3.2-1B-Instruct,compressed,compressed,"Unlearning, one sentence.",1.2,0.95,4,7,87,80,1.955174181000075,40.91707060036966,"Unlearning, one sentence. Not learning, but reconditioning.

A process that transforms your way of perceiving the world. Making the new invisible.

In contrast, learning is a process that enriches and enhances our understanding of the world, expanding our perspective and deepening our empathy and understanding of others. It's a two-way street: we learn something, then we share it with others or create something in return. Not","Not learning, but reconditioning.

A process that transforms your way of perceiving the world. Making the new invisible.

In contrast, learning is a process that enriches and enhances our understanding of the world, expanding our perspective and deepening our empathy and understanding of others. It's a two-way street: we learn something, then we share it with others or create something in return. Not",63,403,5,0.6825396825396826,standard_definition
